"","education","gender","supports_biden"
"1","Post-grad","Other","yes"
"2","< High school","Man","yes"
"3","College","Man","yes"
"4","Post-grad","Other","yes"
"5","Post-grad","Man","yes"
"6","< High school","Non-binary","no"
"7","Post-grad","Woman","yes"
"8","Some college","Woman","yes"
"9","Post-grad","Other","yes"
"10","High school","Man","yes"
"11","Post-grad","Other","yes"
"12","High school","Man","no"
"13","College","Non-binary","yes"
"14","< High school","Woman","no"
"15","< High school","Man","no"
"16","College","Other","yes"
"17","Some college","Other","yes"
"18","< High school","Non-binary","yes"
"19","< High school","Other","yes"
"20","< High school","Woman","no"
"21","Some college","Woman","yes"
"22","Some college","Woman","yes"
"23","< High school","Other","yes"
"24","< High school","Woman","no"
"25","< High school","Non-binary","yes"
"26","Some college","Man","yes"
"27","< High school","Woman","yes"
"28","< High school","Non-binary","yes"
"29","< High school","Woman","yes"
"30","< High school","Woman","no"
"31","Post-grad","Other","yes"
"32","< High school","Woman","yes"
"33","Post-grad","Other","yes"
"34","College","Other","yes"
"35","Post-grad","Other","yes"
"36","High school","Man","no"
"37","< High school","Other","yes"
"38","Some college","Woman","yes"
"39","College","Woman","yes"
"40","College","Non-binary","yes"
"41","High school","Other","yes"
"42","Some college","Woman","no"
"43","College","Man","yes"
"44","< High school","Woman","yes"
"45","High school","Woman","no"
"46","Some college","Non-binary","yes"
"47","College","Non-binary","yes"
"48","< High school","Man","no"
"49","Post-grad","Woman","yes"
"50","College","Non-binary","yes"
"51","High school","Man","no"
"52","College","Woman","yes"
"53","< High school","Man","no"
"54","Some college","Man","yes"
"55","Post-grad","Woman","yes"
"56","Post-grad","Woman","yes"
"57","Some college","Woman","no"
"58","Post-grad","Man","yes"
"59","College","Other","yes"
"60","High school","Man","yes"
"61","Post-grad","Non-binary","yes"
"62","Some college","Woman","no"
"63","Some college","Woman","yes"
"64","Some college","Other","yes"
"65","Post-grad","Non-binary","yes"
"66","Post-grad","Man","yes"
"67","High school","Man","no"
"68","College","Non-binary","yes"
"69","Some college","Non-binary","yes"
"70","< High school","Woman","yes"
"71","College","Other","yes"
"72","High school","Man","no"
"73","College","Other","yes"
"74","Some college","Other","yes"
"75","College","Woman","yes"
"76","High school","Man","yes"
"77","< High school","Woman","no"
"78","Some college","Other","yes"
"79","College","Non-binary","yes"
"80","Some college","Woman","no"
"81","College","Woman","yes"
"82","College","Man","yes"
"83","Some college","Man","no"
"84","Post-grad","Non-binary","yes"
"85","< High school","Non-binary","no"
"86","High school","Non-binary","yes"
"87","Post-grad","Non-binary","yes"
"88","College","Non-binary","yes"
"89","Some college","Man","no"
"90","Some college","Man","yes"
"91","Post-grad","Man","yes"
"92","< High school","Woman","no"
"93","< High school","Non-binary","no"
"94","Some college","Woman","yes"
"95","College","Non-binary","yes"
"96","High school","Non-binary","yes"
"97","High school","Other","yes"
"98","Post-grad","Other","yes"
"99","< High school","Other","yes"
"100","High school","Woman","yes"
"101","High school","Other","yes"
"102","Post-grad","Man","yes"
"103","College","Man","yes"
"104","High school","Man","no"
"105","< High school","Non-binary","yes"
"106","College","Man","yes"
"107","Some college","Woman","yes"
"108","Some college","Non-binary","yes"
"109","Post-grad","Other","yes"
"110","High school","Woman","yes"
"111","College","Non-binary","yes"
"112","Post-grad","Non-binary","yes"
"113","Some college","Non-binary","yes"
"114","< High school","Other","yes"
"115","Some college","Other","yes"
"116","< High school","Non-binary","no"
"117","College","Woman","yes"
"118","College","Man","yes"
"119","< High school","Man","no"
"120","Some college","Man","no"
"121","< High school","Non-binary","yes"
"122","< High school","Man","no"
"123","< High school","Other","yes"
"124","< High school","Woman","no"
"125","Post-grad","Other","yes"
"126","College","Other","yes"
"127","Post-grad","Other","yes"
"128","High school","Other","yes"
"129","Post-grad","Man","yes"
"130","College","Man","yes"
"131","< High school","Man","no"
"132","High school","Man","no"
"133","High school","Other","yes"
"134","College","Man","no"
"135","High school","Woman","yes"
"136","Some college","Man","yes"
"137","< High school","Non-binary","yes"
"138","Post-grad","Woman","yes"
"139","< High school","Other","no"
"140","High school","Man","yes"
"141","College","Non-binary","yes"
"142","Post-grad","Woman","yes"
"143","College","Man","yes"
"144","< High school","Other","no"
"145","High school","Man","yes"
"146","College","Man","yes"
"147","College","Non-binary","yes"
"148","College","Man","yes"
"149","College","Other","yes"
"150","Post-grad","Other","yes"
"151","College","Woman","yes"
"152","< High school","Non-binary","no"
"153","Some college","Woman","no"
"154","< High school","Non-binary","yes"
"155","Post-grad","Other","yes"
"156","College","Woman","yes"
"157","College","Woman","yes"
"158","High school","Non-binary","yes"
"159","College","Non-binary","yes"
"160","Post-grad","Man","yes"
"161","Post-grad","Woman","yes"
"162","< High school","Other","yes"
"163","Some college","Other","yes"
"164","High school","Non-binary","yes"
"165","High school","Man","no"
"166","Post-grad","Man","yes"
"167","College","Non-binary","yes"
"168","College","Man","yes"
"169","Post-grad","Non-binary","yes"
"170","Post-grad","Non-binary","yes"
"171","High school","Non-binary","yes"
"172","College","Woman","yes"
"173","College","Woman","yes"
"174","College","Man","yes"
"175","College","Woman","yes"
"176","Post-grad","Man","yes"
"177","High school","Man","no"
"178","Post-grad","Man","yes"
"179","Some college","Man","no"
"180","Post-grad","Man","yes"
"181","College","Non-binary","yes"
"182","< High school","Other","no"
"183","College","Man","yes"
"184","College","Other","yes"
"185","High school","Non-binary","yes"
"186","Post-grad","Non-binary","yes"
"187","College","Man","yes"
"188","High school","Man","yes"
"189","College","Man","yes"
"190","< High school","Non-binary","no"
"191","Some college","Man","no"
"192","Post-grad","Non-binary","yes"
"193","High school","Non-binary","yes"
"194","High school","Man","yes"
"195","Some college","Man","yes"
"196","High school","Man","yes"
"197","Some college","Man","no"
"198","College","Non-binary","yes"
"199","< High school","Other","no"
"200","Post-grad","Man","yes"
"201","Post-grad","Other","yes"
"202","High school","Woman","yes"
"203","High school","Non-binary","no"
"204","< High school","Woman","no"
"205","College","Non-binary","yes"
"206","< High school","Woman","no"
"207","< High school","Other","yes"
"208","Post-grad","Man","yes"
"209","Post-grad","Man","yes"
"210","College","Other","yes"
"211","Post-grad","Woman","yes"
"212","< High school","Non-binary","no"
"213","High school","Woman","yes"
"214","Some college","Woman","no"
"215","< High school","Man","no"
"216","Post-grad","Non-binary","yes"
"217","College","Man","yes"
"218","Post-grad","Woman","yes"
"219","College","Woman","yes"
"220","< High school","Non-binary","no"
"221","College","Woman","yes"
"222","Some college","Man","yes"
"223","< High school","Man","no"
"224","High school","Man","yes"
"225","High school","Other","yes"
"226","< High school","Woman","no"
"227","Post-grad","Non-binary","yes"
"228","High school","Non-binary","yes"
"229","College","Other","yes"
"230","College","Non-binary","yes"
"231","Some college","Woman","yes"
"232","High school","Man","no"
"233","High school","Woman","no"
"234","< High school","Man","no"
"235","< High school","Other","yes"
"236","< High school","Other","yes"
"237","Some college","Other","yes"
"238","< High school","Non-binary","no"
"239","Some college","Other","yes"
"240","College","Other","yes"
"241","College","Other","yes"
"242","College","Other","yes"
"243","< High school","Non-binary","yes"
"244","High school","Non-binary","yes"
"245","< High school","Other","yes"
"246","< High school","Woman","no"
"247","< High school","Woman","no"
"248","Some college","Non-binary","yes"
"249","Some college","Other","yes"
"250","College","Non-binary","yes"
"251","Some college","Woman","no"
"252","High school","Woman","yes"
"253","Some college","Non-binary","yes"
"254","College","Other","yes"
"255","< High school","Man","no"
"256","Some college","Other","yes"
"257","High school","Woman","yes"
"258","Some college","Other","yes"
"259","High school","Other","yes"
"260","Post-grad","Non-binary","yes"
"261","College","Other","yes"
"262","Post-grad","Other","yes"
"263","< High school","Man","yes"
"264","Some college","Other","yes"
"265","High school","Man","no"
"266","High school","Man","no"
"267","< High school","Man","no"
"268","High school","Man","yes"
"269","High school","Other","yes"
"270","Some college","Other","yes"
"271","Post-grad","Other","yes"
"272","Some college","Man","yes"
"273","Post-grad","Man","yes"
"274","Some college","Non-binary","yes"
"275","< High school","Man","no"
"276","Post-grad","Man","yes"
"277","Some college","Other","yes"
"278","< High school","Other","yes"
"279","College","Non-binary","yes"
"280","Post-grad","Man","yes"
"281","College","Woman","yes"
"282","Post-grad","Non-binary","yes"
"283","College","Other","yes"
"284","Some college","Other","yes"
"285","High school","Non-binary","yes"
"286","Some college","Man","no"
"287","High school","Woman","yes"
"288","College","Non-binary","yes"
"289","Some college","Man","no"
"290","< High school","Man","no"
"291","< High school","Woman","no"
"292","College","Woman","yes"
"293","Post-grad","Other","yes"
"294","< High school","Non-binary","yes"
"295","< High school","Other","yes"
"296","Post-grad","Non-binary","yes"
"297","Post-grad","Other","yes"
"298","< High school","Other","yes"
"299","College","Man","yes"
"300","College","Other","yes"
"301","< High school","Other","yes"
"302","High school","Other","yes"
"303","College","Other","yes"
"304","Post-grad","Woman","yes"
"305","High school","Man","no"
"306","High school","Woman","yes"
"307","< High school","Woman","no"
"308","High school","Other","yes"
"309","High school","Other","yes"
"310","High school","Man","no"
"311","High school","Man","no"
"312","Some college","Other","yes"
"313","Post-grad","Non-binary","yes"
"314","< High school","Man","no"
"315","Post-grad","Man","yes"
"316","< High school","Woman","no"
"317","College","Woman","yes"
"318","Some college","Non-binary","yes"
"319","< High school","Other","yes"
"320","< High school","Woman","no"
"321","Post-grad","Other","yes"
"322","Some college","Woman","yes"
"323","< High school","Other","yes"
"324","Post-grad","Man","yes"
"325","College","Other","yes"
"326","High school","Other","yes"
"327","< High school","Man","no"
"328","Post-grad","Man","yes"
"329","High school","Woman","yes"
"330","High school","Woman","yes"
"331","College","Other","yes"
"332","Post-grad","Man","yes"
"333","High school","Non-binary","yes"
"334","College","Man","yes"
"335","High school","Woman","no"
"336","< High school","Other","yes"
"337","< High school","Man","yes"
"338","< High school","Man","no"
"339","Some college","Man","no"
"340","High school","Other","yes"
"341","Some college","Non-binary","yes"
"342","Post-grad","Other","yes"
"343","High school","Woman","yes"
"344","Post-grad","Man","yes"
"345","High school","Man","yes"
"346","College","Other","yes"
"347","Some college","Man","yes"
"348","High school","Woman","yes"
"349","Some college","Man","yes"
"350","Post-grad","Other","yes"
"351","High school","Other","yes"
"352","Post-grad","Non-binary","yes"
"353","Post-grad","Man","yes"
"354","High school","Woman","yes"
"355","Some college","Woman","yes"
"356","Post-grad","Man","yes"
"357","< High school","Woman","no"
"358","Post-grad","Non-binary","yes"
"359","< High school","Man","no"
"360","< High school","Woman","yes"
"361","High school","Other","yes"
"362","< High school","Other","yes"
"363","College","Woman","yes"
"364","Some college","Other","yes"
"365","High school","Other","yes"
"366","College","Man","yes"
"367","Post-grad","Woman","yes"
"368","College","Man","yes"
"369","High school","Man","yes"
"370","Post-grad","Woman","yes"
"371","Post-grad","Woman","yes"
"372","Some college","Non-binary","yes"
"373","College","Woman","yes"
"374","< High school","Woman","no"
"375","Post-grad","Man","yes"
"376","College","Woman","yes"
"377","Some college","Non-binary","yes"
"378","High school","Man","yes"
"379","College","Other","yes"
"380","College","Woman","yes"
"381","< High school","Man","no"
"382","Some college","Other","yes"
"383","< High school","Woman","yes"
"384","< High school","Woman","no"
"385","< High school","Man","no"
"386","< High school","Other","yes"
"387","Post-grad","Non-binary","yes"
"388","College","Woman","yes"
"389","Post-grad","Non-binary","yes"
"390","High school","Woman","no"
"391","Some college","Non-binary","yes"
"392","College","Other","yes"
"393","College","Other","yes"
"394","< High school","Non-binary","no"
"395","High school","Woman","yes"
"396","College","Man","yes"
"397","Post-grad","Man","yes"
"398","College","Woman","yes"
"399","Some college","Woman","yes"
"400","< High school","Woman","yes"
"401","High school","Man","yes"
"402","High school","Woman","no"
"403","Post-grad","Woman","yes"
"404","< High school","Woman","yes"
"405","High school","Man","yes"
"406","College","Woman","yes"
"407","< High school","Non-binary","no"
"408","High school","Woman","no"
"409","High school","Woman","yes"
"410","College","Man","yes"
"411","High school","Woman","yes"
"412","< High school","Man","no"
"413","High school","Non-binary","yes"
"414","High school","Woman","yes"
"415","Some college","Man","yes"
"416","Some college","Woman","yes"
"417","Some college","Man","no"
"418","< High school","Non-binary","yes"
"419","< High school","Woman","no"
"420","Post-grad","Non-binary","yes"
"421","Some college","Man","yes"
"422","Some college","Man","yes"
"423","College","Man","yes"
"424","< High school","Woman","no"
"425","Some college","Woman","yes"
"426","Post-grad","Non-binary","yes"
"427","< High school","Non-binary","yes"
"428","High school","Other","yes"
"429","Post-grad","Non-binary","yes"
"430","High school","Non-binary","yes"
"431","Post-grad","Man","yes"
"432","College","Non-binary","yes"
"433","Post-grad","Other","yes"
"434","Some college","Woman","yes"
"435","College","Man","yes"
"436","< High school","Other","no"
"437","< High school","Man","no"
"438","Post-grad","Man","yes"
"439","Some college","Man","yes"
"440","Some college","Other","yes"
"441","High school","Man","no"
"442","High school","Woman","no"
"443","Post-grad","Other","yes"
"444","Post-grad","Non-binary","yes"
"445","High school","Other","yes"
"446","Some college","Woman","yes"
"447","College","Other","yes"
"448","< High school","Man","no"
"449","< High school","Other","yes"
"450","College","Man","no"
"451","College","Woman","yes"
"452","Post-grad","Woman","yes"
"453","Some college","Non-binary","yes"
"454","< High school","Man","yes"
"455","Some college","Non-binary","yes"
"456","Some college","Other","yes"
"457","High school","Non-binary","yes"
"458","College","Man","yes"
"459","College","Woman","yes"
"460","< High school","Non-binary","yes"
"461","< High school","Other","yes"
"462","Post-grad","Non-binary","yes"
"463","Post-grad","Woman","yes"
"464","College","Woman","yes"
"465","< High school","Woman","no"
"466","Post-grad","Non-binary","yes"
"467","High school","Man","yes"
"468","< High school","Other","yes"
"469","High school","Non-binary","yes"
"470","< High school","Man","no"
"471","< High school","Woman","no"
"472","Some college","Woman","no"
"473","College","Man","yes"
"474","College","Woman","yes"
"475","High school","Woman","no"
"476","Post-grad","Man","yes"
"477","Post-grad","Woman","yes"
"478","Post-grad","Non-binary","yes"
"479","College","Man","yes"
"480","< High school","Other","yes"
"481","Some college","Woman","no"
"482","College","Woman","yes"
"483","Some college","Man","no"
"484","Post-grad","Other","yes"
"485","Post-grad","Non-binary","yes"
"486","College","Woman","yes"
"487","< High school","Woman","yes"
"488","Post-grad","Woman","yes"
"489","Some college","Man","no"
"490","College","Non-binary","yes"
"491","Some college","Non-binary","yes"
"492","High school","Woman","no"
"493","< High school","Woman","no"
"494","Some college","Man","yes"
"495","Some college","Man","yes"
"496","< High school","Other","yes"
"497","High school","Non-binary","yes"
"498","Post-grad","Other","yes"
"499","High school","Woman","no"
"500","College","Man","yes"
"501","College","Other","yes"
"502","Post-grad","Non-binary","yes"
"503","Post-grad","Other","yes"
"504","Some college","Man","yes"
"505","Some college","Non-binary","yes"
"506","Some college","Woman","yes"
"507","High school","Man","yes"
"508","High school","Man","no"
"509","College","Man","yes"
"510","Post-grad","Man","yes"
"511","College","Woman","yes"
"512","Post-grad","Woman","yes"
"513","Post-grad","Woman","yes"
"514","< High school","Other","yes"
"515","Post-grad","Woman","yes"
"516","< High school","Man","no"
"517","College","Other","yes"
"518","High school","Other","yes"
"519","< High school","Man","no"
"520","College","Non-binary","yes"
"521","Post-grad","Other","yes"
"522","< High school","Woman","no"
"523","Post-grad","Other","yes"
"524","College","Other","yes"
"525","Post-grad","Other","yes"
"526","High school","Man","no"
"527","Some college","Non-binary","yes"
"528","College","Non-binary","yes"
"529","Post-grad","Other","yes"
"530","< High school","Man","no"
"531","High school","Woman","yes"
"532","High school","Man","no"
"533","Some college","Man","no"
"534","College","Non-binary","yes"
"535","College","Other","yes"
"536","College","Other","yes"
"537","Some college","Man","yes"
"538","College","Non-binary","yes"
"539","High school","Man","no"
"540","< High school","Non-binary","yes"
"541","High school","Non-binary","yes"
"542","< High school","Other","yes"
"543","Post-grad","Man","yes"
"544","High school","Non-binary","yes"
"545","Post-grad","Man","yes"
"546","High school","Other","yes"
"547","< High school","Man","no"
"548","< High school","Woman","no"
"549","< High school","Man","yes"
"550","High school","Man","no"
"551","High school","Other","yes"
"552","Some college","Non-binary","yes"
"553","Post-grad","Other","yes"
"554","High school","Non-binary","yes"
"555","Some college","Non-binary","yes"
"556","< High school","Other","no"
"557","Some college","Other","yes"
"558","Some college","Man","no"
"559","Post-grad","Woman","yes"
"560","< High school","Man","yes"
"561","College","Non-binary","yes"
"562","High school","Non-binary","no"
"563","College","Man","yes"
"564","College","Other","yes"
"565","High school","Non-binary","yes"
"566","Some college","Other","yes"
"567","< High school","Other","yes"
"568","High school","Woman","no"
"569","< High school","Man","no"
"570","High school","Other","yes"
"571","Some college","Man","yes"
"572","College","Woman","yes"
"573","College","Other","yes"
"574","Some college","Non-binary","yes"
"575","Post-grad","Non-binary","yes"
"576","Post-grad","Woman","yes"
"577","College","Woman","yes"
"578","Some college","Man","no"
"579","Post-grad","Other","yes"
"580","Some college","Other","yes"
"581","High school","Other","yes"
"582","High school","Non-binary","no"
"583","Some college","Non-binary","yes"
"584","High school","Other","yes"
"585","Some college","Non-binary","yes"
"586","Post-grad","Non-binary","yes"
"587","College","Other","yes"
"588","High school","Woman","yes"
"589","Some college","Woman","yes"
"590","College","Other","yes"
"591","Some college","Woman","yes"
"592","Post-grad","Man","yes"
"593","College","Other","yes"
"594","< High school","Non-binary","no"
"595","Some college","Woman","yes"
"596","High school","Other","yes"
"597","College","Other","yes"
"598","< High school","Man","yes"
"599","College","Other","yes"
"600","College","Man","yes"
"601","High school","Other","yes"
"602","Post-grad","Man","yes"
"603","High school","Other","yes"
"604","College","Woman","yes"
"605","High school","Man","no"
"606","Post-grad","Other","yes"
"607","Post-grad","Man","yes"
"608","< High school","Non-binary","yes"
"609","< High school","Man","no"
"610","Post-grad","Other","yes"
"611","Some college","Non-binary","yes"
"612","Post-grad","Other","yes"
"613","< High school","Non-binary","yes"
"614","< High school","Man","no"
"615","< High school","Man","no"
"616","College","Other","yes"
"617","Some college","Man","yes"
"618","< High school","Other","yes"
"619","High school","Woman","yes"
"620","< High school","Non-binary","no"
"621","Some college","Woman","no"
"622","College","Woman","yes"
"623","< High school","Other","yes"
"624","College","Other","yes"
"625","Some college","Woman","yes"
"626","Some college","Other","yes"
"627","College","Non-binary","yes"
"628","College","Non-binary","yes"
"629","High school","Other","yes"
"630","< High school","Non-binary","yes"
"631","High school","Woman","no"
"632","High school","Man","no"
"633","College","Woman","yes"
"634","High school","Non-binary","yes"
"635","High school","Man","no"
"636","High school","Woman","yes"
"637","Some college","Woman","yes"
"638","Post-grad","Other","yes"
"639","High school","Woman","yes"
"640","College","Non-binary","yes"
"641","High school","Non-binary","yes"
"642","Some college","Other","yes"
"643","Post-grad","Non-binary","yes"
"644","High school","Woman","no"
"645","Post-grad","Woman","yes"
"646","College","Non-binary","yes"
"647","< High school","Man","no"
"648","Post-grad","Other","yes"
"649","Some college","Man","yes"
"650","Some college","Other","yes"
"651","< High school","Non-binary","yes"
"652","High school","Non-binary","yes"
"653","College","Man","yes"
"654","Post-grad","Non-binary","yes"
"655","College","Non-binary","yes"
"656","College","Woman","yes"
"657","High school","Other","yes"
"658","High school","Non-binary","no"
"659","< High school","Woman","no"
"660","< High school","Non-binary","no"
"661","High school","Man","yes"
"662","College","Non-binary","yes"
"663","College","Other","yes"
"664","High school","Non-binary","yes"
"665","Some college","Non-binary","yes"
"666","Post-grad","Other","yes"
"667","College","Man","yes"
"668","Some college","Woman","yes"
"669","< High school","Man","no"
"670","Post-grad","Woman","yes"
"671","Post-grad","Woman","yes"
"672","Some college","Woman","yes"
"673","College","Other","yes"
"674","College","Non-binary","yes"
"675","< High school","Man","no"
"676","< High school","Other","yes"
"677","College","Non-binary","yes"
"678","Some college","Non-binary","yes"
"679","Some college","Non-binary","yes"
"680","High school","Man","no"
"681","High school","Woman","yes"
"682","College","Non-binary","yes"
"683","College","Man","yes"
"684","< High school","Other","yes"
"685","College","Non-binary","yes"
"686","College","Woman","yes"
"687","Some college","Woman","yes"
"688","College","Other","yes"
"689","Some college","Man","yes"
"690","< High school","Woman","yes"
"691","Some college","Other","yes"
"692","College","Non-binary","yes"
"693","Some college","Man","no"
"694","High school","Non-binary","no"
"695","High school","Man","yes"
"696","< High school","Non-binary","yes"
"697","Some college","Non-binary","yes"
"698","College","Man","yes"
"699","Some college","Man","yes"
"700","Some college","Other","yes"
"701","High school","Other","yes"
"702","Post-grad","Other","yes"
"703","High school","Woman","yes"
"704","Some college","Woman","no"
"705","College","Man","yes"
"706","Some college","Man","yes"
"707","Post-grad","Non-binary","yes"
"708","Some college","Non-binary","yes"
"709","College","Other","yes"
"710","Post-grad","Non-binary","yes"
"711","Some college","Non-binary","yes"
"712","Post-grad","Man","yes"
"713","< High school","Man","no"
"714","Some college","Man","yes"
"715","Post-grad","Man","yes"
"716","< High school","Non-binary","no"
"717","Post-grad","Other","yes"
"718","< High school","Non-binary","yes"
"719","College","Woman","yes"
"720","High school","Woman","yes"
"721","Some college","Non-binary","yes"
"722","Post-grad","Man","yes"
"723","High school","Other","yes"
"724","College","Woman","yes"
"725","Post-grad","Man","yes"
"726","College","Other","yes"
"727","Post-grad","Woman","yes"
"728","High school","Other","yes"
"729","High school","Non-binary","yes"
"730","High school","Woman","yes"
"731","College","Man","yes"
"732","Some college","Woman","yes"
"733","< High school","Woman","yes"
"734","High school","Other","yes"
"735","< High school","Man","no"
"736","High school","Other","yes"
"737","Post-grad","Woman","yes"
"738","College","Non-binary","yes"
"739","< High school","Woman","no"
"740","College","Man","yes"
"741","Post-grad","Woman","yes"
"742","High school","Woman","yes"
"743","Some college","Non-binary","yes"
"744","< High school","Man","no"
"745","College","Other","yes"
"746","Some college","Other","yes"
"747","College","Other","yes"
"748","College","Woman","yes"
"749","High school","Man","yes"
"750","Post-grad","Man","yes"
"751","Post-grad","Woman","yes"
"752","Post-grad","Man","yes"
"753","College","Woman","yes"
"754","Post-grad","Man","yes"
"755","High school","Other","yes"
"756","College","Non-binary","yes"
"757","Post-grad","Man","yes"
"758","< High school","Man","no"
"759","< High school","Man","no"
"760","Some college","Woman","yes"
"761","< High school","Man","no"
"762","High school","Man","yes"
"763","< High school","Man","no"
"764","Post-grad","Non-binary","yes"
"765","College","Man","yes"
"766","High school","Man","no"
"767","Post-grad","Other","yes"
"768","< High school","Other","yes"
"769","College","Man","yes"
"770","High school","Man","yes"
"771","< High school","Non-binary","no"
"772","< High school","Woman","yes"
"773","High school","Other","yes"
"774","Post-grad","Other","yes"
"775","High school","Non-binary","yes"
"776","College","Other","yes"
"777","Post-grad","Woman","yes"
"778","< High school","Woman","yes"
"779","High school","Non-binary","no"
"780","Some college","Man","yes"
"781","High school","Woman","no"
"782","Some college","Other","yes"
"783","Post-grad","Man","yes"
"784","Post-grad","Non-binary","yes"
"785","High school","Non-binary","yes"
"786","Some college","Woman","no"
"787","Some college","Non-binary","yes"
"788","High school","Man","no"
"789","< High school","Other","no"
"790","High school","Man","yes"
"791","College","Other","yes"
"792","High school","Other","yes"
"793","High school","Man","no"
"794","Post-grad","Woman","yes"
"795","< High school","Woman","yes"
"796","Some college","Non-binary","yes"
"797","High school","Other","yes"
"798","High school","Non-binary","no"
"799","Post-grad","Man","yes"
"800","College","Woman","yes"
"801","< High school","Man","no"
"802","College","Man","yes"
"803","Post-grad","Non-binary","yes"
"804","Some college","Non-binary","yes"
"805","College","Man","yes"
"806","< High school","Woman","no"
"807","Some college","Non-binary","yes"
"808","College","Other","yes"
"809","College","Man","yes"
"810","High school","Other","yes"
"811","College","Man","yes"
"812","< High school","Other","yes"
"813","< High school","Other","no"
"814","College","Other","yes"
"815","College","Other","yes"
"816","Post-grad","Other","yes"
"817","High school","Non-binary","yes"
"818","Post-grad","Other","yes"
"819","< High school","Woman","no"
"820","Some college","Other","yes"
"821","College","Non-binary","yes"
"822","Some college","Woman","yes"
"823","< High school","Non-binary","yes"
"824","Post-grad","Non-binary","yes"
"825","Some college","Non-binary","yes"
"826","< High school","Man","no"
"827","Some college","Man","yes"
"828","Some college","Man","no"
"829","< High school","Non-binary","yes"
"830","< High school","Man","no"
"831","College","Non-binary","yes"
"832","High school","Man","yes"
"833","< High school","Woman","yes"
"834","College","Woman","yes"
"835","College","Non-binary","yes"
"836","High school","Woman","yes"
"837","High school","Woman","yes"
"838","College","Other","yes"
"839","< High school","Woman","yes"
"840","< High school","Woman","no"
"841","Some college","Man","yes"
"842","< High school","Man","no"
"843","Some college","Non-binary","yes"
"844","Post-grad","Other","yes"
"845","Some college","Woman","yes"
"846","< High school","Non-binary","yes"
"847","Some college","Non-binary","yes"
"848","Post-grad","Man","yes"
"849","High school","Woman","yes"
"850","< High school","Man","no"
"851","College","Man","yes"
"852","< High school","Non-binary","no"
"853","College","Woman","yes"
"854","< High school","Man","no"
"855","Post-grad","Woman","yes"
"856","High school","Woman","no"
"857","College","Non-binary","yes"
"858","Some college","Woman","yes"
"859","High school","Other","yes"
"860","< High school","Man","no"
"861","Post-grad","Other","yes"
"862","High school","Woman","yes"
"863","College","Woman","yes"
"864","Some college","Non-binary","yes"
"865","Some college","Non-binary","yes"
"866","Some college","Other","yes"
"867","< High school","Woman","yes"
"868","< High school","Non-binary","yes"
"869","Post-grad","Other","yes"
"870","College","Man","no"
"871","High school","Man","no"
"872","Some college","Other","yes"
"873","High school","Non-binary","no"
"874","High school","Other","yes"
"875","Post-grad","Man","yes"
"876","High school","Man","no"
"877","< High school","Man","no"
"878","< High school","Other","yes"
"879","Some college","Non-binary","yes"
"880","< High school","Woman","yes"
"881","Post-grad","Woman","yes"
"882","College","Non-binary","yes"
"883","College","Other","yes"
"884","< High school","Woman","yes"
"885","< High school","Man","no"
"886","College","Man","yes"
"887","College","Man","yes"
"888","High school","Woman","yes"
"889","College","Woman","yes"
"890","Some college","Woman","yes"
"891","High school","Man","yes"
"892","< High school","Non-binary","yes"
"893","< High school","Other","yes"
"894","Some college","Woman","no"
"895","Some college","Non-binary","yes"
"896","Some college","Non-binary","yes"
"897","< High school","Other","yes"
"898","< High school","Man","no"
"899","College","Woman","yes"
"900","College","Other","yes"
"901","High school","Non-binary","yes"
"902","High school","Non-binary","yes"
"903","High school","Man","no"
"904","< High school","Man","no"
"905","Some college","Woman","yes"
"906","High school","Other","yes"
"907","< High school","Man","no"
"908","Some college","Other","yes"
"909","College","Other","yes"
"910","< High school","Non-binary","yes"
"911","Post-grad","Man","yes"
"912","Some college","Woman","no"
"913","Post-grad","Other","yes"
"914","College","Man","yes"
"915","College","Non-binary","yes"
"916","Post-grad","Man","yes"
"917","College","Non-binary","yes"
"918","< High school","Woman","no"
"919","Some college","Other","yes"
"920","< High school","Non-binary","yes"
"921","High school","Man","yes"
"922","Post-grad","Other","yes"
"923","High school","Woman","no"
"924","High school","Non-binary","yes"
"925","Post-grad","Other","yes"
"926","Some college","Man","yes"
"927","< High school","Non-binary","yes"
"928","High school","Other","yes"
"929","Post-grad","Man","yes"
"930","< High school","Non-binary","no"
"931","High school","Non-binary","yes"
"932","Some college","Man","yes"
"933","Post-grad","Non-binary","yes"
"934","Some college","Non-binary","yes"
"935","College","Non-binary","yes"
"936","Some college","Non-binary","yes"
"937","High school","Man","yes"
"938","< High school","Non-binary","yes"
"939","High school","Woman","yes"
"940","High school","Non-binary","yes"
"941","College","Man","yes"
"942","College","Man","yes"
"943","Post-grad","Man","yes"
"944","Some college","Man","yes"
"945","< High school","Non-binary","no"
"946","High school","Non-binary","yes"
"947","Some college","Woman","yes"
"948","Post-grad","Other","yes"
"949","< High school","Other","yes"
"950","College","Man","yes"
"951","< High school","Other","yes"
"952","Some college","Woman","yes"
"953","Post-grad","Woman","yes"
"954","College","Woman","yes"
"955","< High school","Man","no"
"956","< High school","Non-binary","no"
"957","Some college","Other","yes"
"958","Post-grad","Non-binary","yes"
"959","< High school","Other","no"
"960","Some college","Woman","no"
"961","< High school","Woman","no"
"962","High school","Man","no"
"963","High school","Other","yes"
"964","< High school","Other","no"
"965","College","Non-binary","yes"
"966","Post-grad","Non-binary","yes"
"967","College","Woman","yes"
"968","Post-grad","Woman","yes"
"969","Post-grad","Non-binary","yes"
"970","College","Woman","yes"
"971","Post-grad","Man","yes"
"972","College","Woman","yes"
"973","College","Woman","yes"
"974","High school","Non-binary","no"
"975","High school","Non-binary","yes"
"976","College","Woman","yes"
"977","< High school","Non-binary","yes"
"978","Some college","Man","yes"
"979","High school","Woman","yes"
"980","High school","Man","no"
"981","Post-grad","Other","yes"
"982","Post-grad","Non-binary","yes"
"983","High school","Man","no"
"984","Post-grad","Man","yes"
"985","Post-grad","Non-binary","yes"
"986","< High school","Man","no"
"987","College","Non-binary","yes"
"988","College","Non-binary","yes"
"989","Some college","Woman","yes"
"990","Post-grad","Man","yes"
"991","College","Woman","yes"
"992","Some college","Non-binary","yes"
"993","< High school","Other","no"
"994","< High school","Woman","no"
"995","High school","Man","no"
"996","High school","Woman","yes"
"997","High school","Other","yes"
"998","Post-grad","Woman","yes"
"999","Some college","Non-binary","yes"
"1000","< High school","Other","yes"
